Workbook

Sheet Read Me
A1: Inventory Management System
A2: Company
A3: PT Nusantara Office Supplies
A5: Objective
A6: This project is a Microsoft Excel-based Inventory Management System developed to record stock movements, monitor inventory levels, calculate inventory value, identify low stock items, and present key inventory insights through an interactive dashboard.
A10: Features
A11: ✅ Master Data
A12: ✅ Stock In
A13: ✅ Stock Out
A14: ✅ Inventory Report
A15: ✅ Stock Adjustment
A16: ✅ Dashboard
A18: Excel Skills
A19: - | B19: SUMIFS
A20: - | B20: IF
A21: - | B21: Data Validation
A22: - | B22: VLOOKUP/XLOOKUP
A23: - | B23: Pivot Tables
A24: - | B24: Conditional Formatting
A25: - | B25: Charts

Sheet Dashboard
A1: PT Nusantara Office Supplies | P1: Project Information
A2: Inventory Management Dashboard | P2: Company | Q2: PT Nusantara Office Supplies
A3: Period: January 2026 | P3: Period | Q3: 46023
P4: Accounting Basis | Q4: Accrual Basis
C5: Total Items | E5: Current Stock | G5: Total Inventory Value | I5: Low Stock | K5: Out Of Stock | P5: Currency | Q5: Indonesian Rupiah (IDR)
P6: Software | Q6: Microsoft Excel
C8: =COUNTA('Inventory Report'!A5:A14) -> 10 | E8: =SUM('Inventory Report'!H5:H14) -> 228 | G8: =SUM('Inventory Report'!J5:J14) -> 9175000 | I8: =COUNTIF(('Inventory Report'!K5:K14),"Low Stock") -> 2 | K8: =COUNTIF('Inventory Report'!K5:K14,"Out of Stock") -> 7
B41: Prepared By
B42: Sri Wahyuni
B43: Accounting Portfolio
B44: Microsoft Excel

Sheet Summary
A3: Row Labels | B3: Sum of Inventory Vaue | G3: Row Labels | H3: Sum of Inventory Vaue
A4: Cleaning Supplies | B4: 0 | G4: A4 Paper | H4: 5225000
A5: Computer Accessories | B5: 0 | G5: Stapler | H5: 3750000
A6: Office Equipment | B6: 6600000 | G6: Printer Ink | H6: 2850000
A7: Pantry | B7: 0 | G7: Notebook A5 | H7: 2664000
A8: Stationery | B8: 10049000 | G8: Ballpoint Pen | H8: 2160000
A9: Grand Total | B9: 16649000 | G9: Grand Total | H9: 16649000
A11: Row Labels | B11: Sum of Qty | C11: Stock In
A12: Computer Accessories | B12: 50
A13: Office Equipment | B13: 30
A14: Stationery | B14: 750
A15: Grand Total | B15: 830
A17: Row Labels | B17: Sum of Qty | C17: Stock Out
A18: Computer Accessories | B18: 2
A19: Stationery | B19: 25
A20: Grand Total | B20: 27
A22: Category | B22: Stock In | C22: Stock Out
A23: Computer Accessories | B23: =GETPIVOTDATA("Qty",$A$11,"Category","Computer Accessories") -> 50 | C23: =GETPIVOTDATA("Qty",$A$17,"Category","Computer Accessories") -> 2
A24: Office Equipment | B24: =GETPIVOTDATA("Qty",$A$11,"Category","Office Equipment") -> 30
A25: Stationery | B25: =GETPIVOTDATA("Qty",$A$11,"Category","Stationery") -> 750 | C25: =GETPIVOTDATA("Qty",$A$17,"Category","Stationery") -> 25

Sheet Department Master
A1: Department
A2: Sales
A3: Finance
A4: HR
A5: IT
A6: Warehouse
A7: Marketing
A8: Administration

Sheet Category Master
A1: Category Code | B1: Category Name
A2: CAT001 | B2: Stationery
A3: CAT002 | B3: Office Equipment
A4: CAT003 | B4: Computer Accessories
A5: CAT004 | B5: Pantry
A6: CAT005 | B6: Cleaning Supplies

Sheet Item Master
A1: Item Code | B1: Item Name | C1: Category | D1: Unit | E1: Minimum Stock | F1: Standard Cost
A2: IT001 | B2: A4 Paper | C2: Stationery | D2: Rim | E2: 50 | F2: 55000
A3: IT002 | B3: Ballpoint Pen | C3: Stationery | D3: Pcs | E3: 200 | F3: 4500
A4: IT003 | B4: Notebook A5 | C4: Stationery | D4: Pcs | E4: 100 | F4: 18000
A5: IT004 | B5: Printer Ink | C5: Office Equipment | D5: Box | E5: 20 | F5: 95000
A6: IT005 | B6: Stapler | C6: Office Equipment | D6: Pcs | E6: 15 | F6: 75000
A7: IT006 | B7: Mouse Wireless | C7: Computer Accessories | D7: Pcs | E7: 25 | F7: 120000
A8: IT007 | B8: Keyboard | C8: Computer Accessories | D8: Pcs | E8: 20 | F8: 175000
A9: IT008 | B9: Coffee | C9: Pantry | D9: Pack | E9: 30 | F9: 45000
A10: IT009 | B10: Tissue | C10: Cleaning Supplies | D10: Pack | E10: 40 | F10: 18000
A11: IT010 | B11: Whiteboard Marker | C11: Stationery | D11: Box | E11: 25 | F11: 38000

Sheet Stock In
A1: Stock In
A2: GRN No | B2: Date | C2: Supplier | D2: Item Code | E2: Item Name | F2: Category | G2: Qty | H2: Unit Cost | I2: Total Cost
A3: GRN001 | B3: 46024 | C3: PT Kertas Indonesia | D3: IT001 | E3: =VLOOKUP(tblstockin[[#This Row],[Item Code]],tblItem[[#All],[Item Code]:[Item Name]],2,0) -> A4 Paper | F3: =VLOOKUP(tblstockin[[#This Row],[Item Code]],tblItem[[#All],[Item Code]:[Category]],3,0) -> Stationery | G3: 100 | H3: =VLOOKUP(tblstockin[[#This Row],[Item Code]],tblItem[#All],6,0) -> 55000 | I3: =tblstockin[[#This Row],[Unit Cost]]*tblstockin[[#This Row],[Qty]] -> 5500000
A4: GRN002 | B4: 46027 | C4: PT Pena Nusantara | D4: IT002 | E4: =VLOOKUP(tblstockin[[#This Row],[Item Code]],tblItem[[#All],[Item Code]:[Item Name]],2,0) -> Ballpoint Pen | F4: =VLOOKUP(tblstockin[[#This Row],[Item Code]],tblItem[[#All],[Item Code]:[Category]],3,0) -> Stationery | G4: 500 | H4: =VLOOKUP(tblstockin[[#This Row],[Item Code]],tblItem[#All],6,0) -> 4500 | I4: =tblstockin[[#This Row],[Unit Cost]]*tblstockin[[#This Row],[Qty]] -> 2250000
A5: GRN003 | B5: 46032 | C5: PT Office Supply | D5: IT003 | E5: =VLOOKUP(tblstockin[[#This Row],[Item Code]],tblItem[[#All],[Item Code]:[Item Name]],2,0) -> Notebook A5 | F5: =VLOOKUP(tblstockin[[#This Row],[Item Code]],tblItem[[#All],[Item Code]:[Category]],3,0) -> Stationery | G5: 150 | H5: =VLOOKUP(tblstockin[[#This Row],[Item Code]],tblItem[#All],6,0) -> 18000 | I5: =tblstockin[[#This Row],[Unit Cost]]*tblstockin[[#This Row],[Qty]] -> 2700000
A6: GRN004 | B6: 46037 | C6: PT Kertas Indonesia | D6: IT004 | E6: =VLOOKUP(tblstockin[[#This Row],[Item Code]],tblItem[[#All],[Item Code]:[Item Name]],2,0) -> Printer Ink | F6: =VLOOKUP(tblstockin[[#This Row],[Item Code]],tblItem[[#All],[Item Code]:[Category]],3,0) -> Office Equipment | G6: 30 | H6: =VLOOKUP(tblstockin[[#This Row],[Item Code]],tblItem[#All],6,0) -> 95000 | I6: =tblstockin[[#This Row],[Unit Cost]]*tblstockin[[#This Row],[Qty]] -> 2850000
A7: GRN005 | B7: 46040 | C7: PT Tech Indonesia | D7: IT006 | E7: =VLOOKUP(tblstockin[[#This Row],[Item Code]],tblItem[[#All],[Item Code]:[Item Name]],2,0) -> Mouse Wireless | F7: =VLOOKUP(tblstockin[[#This Row],[Item Code]],tblItem[[#All],[Item Code]:[Category]],3,0) -> Computer Accessories | G7: 50 | H7: =VLOOKUP(tblstockin[[#This Row],[Item Code]],tblItem[#All],6,0) -> 120000 | I7: =tblstockin[[#This Row],[Unit Cost]]*tblstockin[[#This Row],[Qty]] -> 6000000

Sheet Stock Out
A1: Stock Out
A2: Issue No | B2: Date | C2: Department | D2: Item Code | E2: Item | F2: Category | G2: Qty | H2: Unit Cost | I2: Total Cost
A3: ISS001 | B3: 46027 | C3: Finance | D3: IT001 | E3: =VLOOKUP(tblstockout[[#This Row],[Item Code]],tblItem[[#All],[Item Code]:[Item Name]],2,0) -> A4 Paper | F3: =VLOOKUP(tblstockout[[#This Row],[Item Code]],tblItem[[#All],[Item Code]:[Category]],3,0) -> Stationery | G3: 5 | H3: =VLOOKUP(tblstockout[[#This Row],[Item Code]],tblItem[],6,0) -> 55000 | I3: =tblstockout[[#This Row],[Unit Cost]]*tblstockout[[#This Row],[Qty]] -> 275000
A4: ISS002 | B4: 46032 | C4: HR | D4: IT002 | E4: =VLOOKUP(tblstockout[[#This Row],[Item Code]],tblItem[[#All],[Item Code]:[Item Name]],2,0) -> Ballpoint Pen | F4: =VLOOKUP(tblstockout[[#This Row],[Item Code]],tblItem[[#All],[Item Code]:[Category]],3,0) -> Stationery | G4: 20 | H4: =VLOOKUP(tblstockout[[#This Row],[Item Code]],tblItem[],6,0) -> 4500 | I4: =tblstockout[[#This Row],[Unit Cost]]*tblstockout[[#This Row],[Qty]] -> 90000
A5: ISS003 | B5: 46042 | C5: IT | D5: IT006 | E5: =VLOOKUP(tblstockout[[#This Row],[Item Code]],tblItem[[#All],[Item Code]:[Item Name]],2,0) -> Mouse Wireless | F5: =VLOOKUP(tblstockout[[#This Row],[Item Code]],tblItem[[#All],[Item Code]:[Category]],3,0) -> Computer Accessories | G5: 2 | H5: =VLOOKUP(tblstockout[[#This Row],[Item Code]],tblItem[],6,0) -> 120000 | I5: =tblstockout[[#This Row],[Unit Cost]]*tblstockout[[#This Row],[Qty]] -> 240000

Sheet Stock Adjustment
A1: Stock Adjustment
A2: Adjustment No | B2: Date | C2: Item | D2: Qty (+/-) | E2: Reason
A3: ADJ001 | B3: 46052 | C3: A4 Paper | D3: -2 | E3: Damaged
A4: ADJ002 | B4: 46053 | C4: Ballpoint Pen | D4: 5 | E4: Stock Count Adjustment

Sheet Inventory Report
A1: Stock Inventory Report
A2: PT. Nusantara Office Supplies
A3: January,2026
A4: Item Code | B4: Item Name | C4: Category | D4: Unit | E4: Min Stock | F4: Stock In | G4: Stock Out | H4: Current Stock | I4: Unit Cost | J4: Inventory Vaue | K4: Stock Status
A5: IT001 | B5: =VLOOKUP(tblinvreport[Item Code],tblItem[[#All],[Item Code]:[Item Name]],2,0) -> A4 Paper | C5: =VLOOKUP(tblinvreport[Item Code],tblItem[[#All],[Item Code]:[Category]],3,) -> Stationery | D5: =VLOOKUP(tblinvreport[Item Code],tblItem[[#All],[Item Code]:[Unit]],4,0) -> Rim | E5: =VLOOKUP(tblinvreport[Item Code],tblItem[[#All],[Item Code]:[Minimum Stock]],5,0) -> 50 | F5: =SUMIFS(tblstockin[Qty],tblstockin[Item Code],tblstockin[[#This Row],[Item Code]]) -> 150 | G5: =SUMIFS(tblstockout[Qty],tblstockout[Item Code],tblstockout[[#This Row],[Item Code]]) -> 2 | H5: =tblinvreport[Stock In]-tblinvreport[Stock Out] -> 148 | I5: =VLOOKUP(tblinvreport[Item Code],tblItem[#All],6,0) -> 55000 | J5: =tblinvreport[Current Stock]*tblinvreport[Unit Cost] -> 8140000 | K5: =IF(tblinvreport[Current Stock]=0,"Out of Stock",IF(tblinvreport[Current Stock]<=tblinvreport[Min Stock],"Low Stock","In Stock")) -> In Stock
A6: IT002 | B6: =VLOOKUP(tblinvreport[Item Code],tblItem[[#All],[Item Code]:[Item Name]],2,0) -> Ballpoint Pen | C6: =VLOOKUP(tblinvreport[Item Code],tblItem[[#All],[Item Code]:[Category]],3,) -> Stationery | D6: =VLOOKUP(tblinvreport[Item Code],tblItem[[#All],[Item Code]:[Unit]],4,0) -> Pcs | E6: =VLOOKUP(tblinvreport[Item Code],tblItem[[#All],[Item Code]:[Minimum Stock]],5,0) -> 200 | F6: =SUMIFS(tblstockin[Qty],tblstockin[Item Code],tblstockin[[#This Row],[Item Code]]) -> 30 | G6: =SUMIFS(tblstockout[Qty],tblstockout[Item Code],tblstockout[[#This Row],[Item Code]]) -> 0 | H6: =tblinvreport[Stock In]-tblinvreport[Stock Out] -> 30 | I6: =VLOOKUP(tblinvreport[Item Code],tblItem[#All],6,0) -> 4500 | J6: =tblinvreport[Current Stock]*tblinvreport[Unit Cost] -> 135000 | K6: =IF(tblinvreport[Current Stock]=0,"Out of Stock",IF(tblinvreport[Current Stock]<=tblinvreport[Min Stock],"Low Stock","In Stock")) -> Low Stock
A7: IT003 | B7: =VLOOKUP(tblinvreport[Item Code],tblItem[[#All],[Item Code]:[Item Name]],2,0) -> Notebook A5 | C7: =VLOOKUP(tblinvreport[Item Code],tblItem[[#All],[Item Code]:[Category]],3,) -> Stationery | D7: =VLOOKUP(tblinvreport[Item Code],tblItem[[#All],[Item Code]:[Unit]],4,0) -> Pcs | E7: =VLOOKUP(tblinvreport[Item Code],tblItem[[#All],[Item Code]:[Minimum Stock]],5,0) -> 100 | F7: =SUMIFS(tblstockin[Qty],tblstockin[Item Code],tblstockin[[#This Row],[Item Code]]) -> 50 | G7: =SUMIFS(tblstockout[Qty],tblstockout[Item Code],tblstockout[[#This Row],[Item Code]]) -> 0 | H7: =tblinvreport[Stock In]-tblinvreport[Stock Out] -> 50 | I7: =VLOOKUP(tblinvreport[Item Code],tblItem[#All],6,0) -> 18000 | J7: =tblinvreport[Current Stock]*tblinvreport[Unit Cost] -> 900000 | K7: =IF(tblinvreport[Current Stock]=0,"Out of Stock",IF(tblinvreport[Current Stock]<=tblinvreport[Min Stock],"Low Stock","In Stock")) -> Low Stock
A8: IT004 | B8: =VLOOKUP(tblinvreport[Item Code],tblItem[[#All],[Item Code]:[Item Name]],2,0) -> Printer Ink | C8: =VLOOKUP(tblinvreport[Item Code],tblItem[[#All],[Item Code]:[Category]],3,) -> Office Equipment | D8: =VLOOKUP(tblinvreport[Item Code],tblItem[[#All],[Item Code]:[Unit]],4,0) -> Box | E8: =VLOOKUP(tblinvreport[Item Code],tblItem[[#All],[Item Code]:[Minimum Stock]],5,0) -> 20 | F8: =SUMIFS(tblstockin[Qty],tblstockin[Item Code],tblstockin[[#This Row],[Item Code]]) -> 0 | G8: =SUMIFS(tblstockout[Qty],tblstockout[Item Code],tblstockout[[#This Row],[Item Code]]) -> 0 | H8: =tblinvreport[Stock In]-tblinvreport[Stock Out] -> 0 | I8: =VLOOKUP(tblinvreport[Item Code],tblItem[#All],6,0) -> 95000 | J8: =tblinvreport[Current Stock]*tblinvreport[Unit Cost] -> 0 | K8: =IF(tblinvreport[Current Stock]=0,"Out of Stock",IF(tblinvreport[Current Stock]<=tblinvreport[Min Stock],"Low Stock","In Stock")) -> Out of Stock
A9: IT005 | B9: =VLOOKUP(tblinvreport[Item Code],tblItem[[#All],[Item Code]:[Item Name]],2,0) -> Stapler | C9: =VLOOKUP(tblinvreport[Item Code],tblItem[[#All],[Item Code]:[Category]],3,) -> Office Equipment | D9: =VLOOKUP(tblinvreport[Item Code],tblItem[[#All],[Item Code]:[Unit]],4,0) -> Pcs | E9: =VLOOKUP(tblinvreport[Item Code],tblItem[[#All],[Item Code]:[Minimum Stock]],5,0) -> 15 | F9: =SUMIFS(tblstockin[Qty],tblstockin[Item Code],tblstockin[[#This Row],[Item Code]]) -> 0 | G9: =SUMIFS(tblstockout[Qty],tblstockout[Item Code],tblstockout[[#This Row],[Item Code]]) -> 0 | H9: =tblinvreport[Stock In]-tblinvreport[Stock Out] -> 0 | I9: =VLOOKUP(tblinvreport[Item Code],tblItem[#All],6,0) -> 75000 | J9: =tblinvreport[Current Stock]*tblinvreport[Unit Cost] -> 0 | K9: =IF(tblinvreport[Current Stock]=0,"Out of Stock",IF(tblinvreport[Current Stock]<=tblinvreport[Min Stock],"Low Stock","In Stock")) -> Out of Stock
A10: IT006 | B10: =VLOOKUP(tblinvreport[Item Code],tblItem[[#All],[Item Code]:[Item Name]],2,0) -> Mouse Wireless | C10: =VLOOKUP(tblinvreport[Item Code],tblItem[[#All],[Item Code]:[Category]],3,) -> Computer Accessories | D10: =VLOOKUP(tblinvreport[Item Code],tblItem[[#All],[Item Code]:[Unit]],4,0) -> Pcs | E10: =VLOOKUP(tblinvreport[Item Code],tblItem[[#All],[Item Code]:[Minimum Stock]],5,0) -> 25 | F10: =SUMIFS(tblstockin[Qty],tblstockin[Item Code],tblstockin[[#This Row],[Item Code]]) -> 0 | G10: =SUMIFS(tblstockout[Qty],tblstockout[Item Code],tblstockout[[#This Row],[Item Code]]) -> 0 | H10: =tblinvreport[Stock In]-tblinvreport[Stock Out] -> 0 | I10: =VLOOKUP(tblinvreport[Item Code],tblItem[#All],6,0) -> 120000 | J10: =tblinvreport[Current Stock]*tblinvreport[Unit Cost] -> 0 | K10: =IF(tblinvreport[Current Stock]=0,"Out of Stock",IF(tblinvreport[Current Stock]<=tblinvreport[Min Stock],"Low Stock","In Stock")) -> Out of Stock
A11: IT007 | B11: =VLOOKUP(tblinvreport[Item Code],tblItem[[#All],[Item Code]:[Item Name]],2,0) -> Keyboard | C11: =VLOOKUP(tblinvreport[Item Code],tblItem[[#All],[Item Code]:[Category]],3,) -> Computer Accessories | D11: =VLOOKUP(tblinvreport[Item Code],tblItem[[#All],[Item Code]:[Unit]],4,0) -> Pcs | E11: =VLOOKUP(tblinvreport[Item Code],tblItem[[#All],[Item Code]:[Minimum Stock]],5,0) -> 20 | F11: =SUMIFS(tblstockin[Qty],tblstockin[Item Code],tblstockin[[#This Row],[Item Code]]) -> 0 | G11: =SUMIFS(tblstockout[Qty],tblstockout[Item Code],tblstockout[[#This Row],[Item Code]]) -> 0 | H11: =tblinvreport[Stock In]-tblinvreport[Stock Out] -> 0 | I11: =VLOOKUP(tblinvreport[Item Code],tblItem[#All],6,0) -> 175000 | J11: =tblinvreport[Current Stock]*tblinvreport[Unit Cost] -> 0 | K11: =IF(tblinvreport[Current Stock]=0,"Out of Stock",IF(tblinvreport[Current Stock]<=tblinvreport[Min Stock],"Low Stock","In Stock")) -> Out of Stock
A12: IT008 | B12: =VLOOKUP(tblinvreport[Item Code],tblItem[[#All],[Item Code]:[Item Name]],2,0) -> Coffee | C12: =VLOOKUP(tblinvreport[Item Code],tblItem[[#All],[Item Code]:[Category]],3,) -> Pantry | D12: =VLOOKUP(tblinvreport[Item Code],tblItem[[#All],[Item Code]:[Unit]],4,0) -> Pack | E12: =VLOOKUP(tblinvreport[Item Code],tblItem[[#All],[Item Code]:[Minimum Stock]],5,0) -> 30 | F12: =SUMIFS(tblstockin[Qty],tblstockin[Item Code],tblstockin[[#This Row],[Item Code]]) -> 0 | G12: =SUMIFS(tblstockout[Qty],tblstockout[Item Code],tblstockout[[#This Row],[Item Code]]) -> 0 | H12: =tblinvreport[Stock In]-tblinvreport[Stock Out] -> 0 | I12: =VLOOKUP(tblinvreport[Item Code],tblItem[#All],6,0) -> 45000 | J12: =tblinvreport[Current Stock]*tblinvreport[Unit Cost] -> 0 | K12: =IF(tblinvreport[Current Stock]=0,"Out of Stock",IF(tblinvreport[Current Stock]<=tblinvreport[Min Stock],"Low Stock","In Stock")) -> Out of Stock
A13: IT009 | B13: =VLOOKUP(tblinvreport[Item Code],tblItem[[#All],[Item Code]:[Item Name]],2,0) -> Tissue | C13: =VLOOKUP(tblinvreport[Item Code],tblItem[[#All],[Item Code]:[Category]],3,) -> Cleaning Supplies | D13: =VLOOKUP(tblinvreport[Item Code],tblItem[[#All],[Item Code]:[Unit]],4,0) -> Pack | E13: =VLOOKUP(tblinvreport[Item Code],tblItem[[#All],[Item Code]:[Minimum Stock]],5,0) -> 40 | F13: =SUMIFS(tblstockin[Qty],tblstockin[Item Code],tblstockin[[#This Row],[Item Code]]) -> 0 | G13: =SUMIFS(tblstockout[Qty],tblstockout[Item Code],tblstockout[[#This Row],[Item Code]]) -> 0 | H13: =tblinvreport[Stock In]-tblinvreport[Stock Out] -> 0 | I13: =VLOOKUP(tblinvreport[Item Code],tblItem[#All],6,0) -> 18000 | J13: =tblinvreport[Current Stock]*tblinvreport[Unit Cost] -> 0 | K13: =IF(tblinvreport[Current Stock]=0,"Out of Stock",IF(tblinvreport[Current Stock]<=tblinvreport[Min Stock],"Low Stock","In Stock")) -> Out of Stock
A14: IT010 | B14: =VLOOKUP(tblinvreport[Item Code],tblItem[[#All],[Item Code]:[Item Name]],2,0) -> Whiteboard Marker | C14: =VLOOKUP(tblinvreport[Item Code],tblItem[[#All],[Item Code]:[Category]],3,) -> Stationery | D14: =VLOOKUP(tblinvreport[Item Code],tblItem[[#All],[Item Code]:[Unit]],4,0) -> Box | E14: =VLOOKUP(tblinvreport[Item Code],tblItem[[#All],[Item Code]:[Minimum Stock]],5,0) -> 25 | F14: =SUMIFS(tblstockin[Qty],tblstockin[Item Code],tblstockin[[#This Row],[Item Code]]) -> 0 | G14: =SUMIFS(tblstockout[Qty],tblstockout[Item Code],tblstockout[[#This Row],[Item Code]]) -> 0 | H14: =tblinvreport[Stock In]-tblinvreport[Stock Out] -> 0 | I14: =VLOOKUP(tblinvreport[Item Code],tblItem[#All],6,0) -> 38000 | J14: =tblinvreport[Current Stock]*tblinvreport[Unit Cost] -> 0 | K14: =IF(tblinvreport[Current Stock]=0,"Out of Stock",IF(tblinvreport[Current Stock]<=tblinvreport[Min Stock],"Low Stock","In Stock")) -> Out of Stock
